artist,gender
2 Chainz,man
2 Chainz Featuring Drake,man
2 Pistols Featuring T-Pain & Tay Dizm,man
21 Savage,man
24kGoldn Featuring iann dior,man
3 Doors Down,man
3OH!3,man
3OH!3 Featuring Ke$ha,mixed
5 Seconds Of Summer,man
50 Cent Featuring Justin Timberlake & Timbaland,man
6ix9ine,man
6ix9ine Featuring Nicki Minaj & Murda Beatz,mixed
A Boogie Wit da Hoodie,man
A Boogie Wit da Hoodie Featuring 6ix9ine,man
A Boogie Wit da Hoodie Featuring Kodak Black,man
A Great Big World & Christina Aguilera,mixed
A$AP Ferg Featuring Nicki Minaj,mixed
"A$AP Rocky Featuring Drake, 2 Chainz & Kendrick Lamar",man
AWOLNATION,man
Ace Hood Featuring Future & Rick Ross,man
Adam Lambert,man
Adele,woman
Akon,woman
Akon Featuring Colby O'Donis & Kardinal Offishall,man
Akon Featuring Eminem,man
Akon Featuring Snoop Dogg,man
Alessia Cara,woman
Alex Clare,man
Alicia Keys,woman
Alicia Keys Featuring Nicki Minaj,woman
Aloe Blacc,man
American Authors,man
Amine,man
Amy Winehouse,woman
Andy Grammer,man
Anna Kendrick,woman
Ariana Grande,woman
Ariana Grande & Justin Bieber,mixed
Ariana Grande & Social House,mixed
Ariana Grande & The Weeknd,mixed
Ariana Grande Featuring Iggy Azalea,woman
Ariana Grande Featuring Mac Miller,mixed
Ariana Grande Featuring Nicki Minaj,woman
Ariana Grande Featuring Zedd,mixed
Arizona Zervas,man
Asher Roth,man
Ava Max,woman
Avicii,man
Avril Lavigne,woman
Ayo & Teo,man
B.o.B,man
B.o.B Featuring Bruno Mars,man
B.o.B Featuring Hayley Williams,mixed
B.o.B Featuring Rivers Cuomo,man
BENEE Featuring Gus Dapperton,mixed
BTS,man
Baauer,man
Baby Bash Featuring T-Pain,man
Baby Boy Da Prince Featuring Lil Boosie,man
Bad Bunny Featuring Drake,man
Bad Meets Evil Featuring Bruno Mars,man
Bastille,man
Bazzi,man
Bazzi Featuring Camila Cabello,mixed
Bebe Rexha & Florida Georgia Line,mixed
Becky G,woman
Beyonce,woman
Beyonce & Shakira,woman
Beyonce Featuring Jay Z,mixed
Beyonce Featuring Slim Thug,mixed
Big Sean,man
Big Sean Featuring Chris Brown,man
Big Sean Featuring Drake,man
Big Sean Featuring E-40,man
Big Sean Featuring Nicki Minaj,mixed
Billie Eilish,woman
Billy Currington,man
Black Eyed Peas X J Balvin,mixed
Blake Shelton,man
Blake Shelton Duet With Gwen Stefani,mixed
Blake Shelton Featuring Pistol Annies & Friends,mixed
Blanco Brown,man
BlocBoy JB Featuring Drake,man
Blue October,man
Blueface,man
Bobby Shmurda,man
Bon Jovi,man
Bone Thugs-N-Harmony Featuring Akon,man
Bow Wow Featuring Chris Brown & Johnta Austin,man
Bow Wow Featuring T-Pain & Johnta Austin,man
Boys Like Girls,man
Boys Like Girls Featuring Taylor Swift,mixed
Brad Paisley,man
Brad Paisley Duet With Carrie Underwood,mixed
Brantley Gilbert,man
Brett Young,man
Britney Spears,woman
Bruno Mars,man
Bruno Mars & Cardi B,mixed
Bryson Tiller,man
Bubba Sparxxx Featuring Ying Yang Twins & Mr. ColliPark,man
Buckcherry,man
Busta Rhymes,man
Ca$h Out,man
Calboy,man
Cali Swag District,man
Calvin Harris,man
Calvin Harris & Disciples,man
Calvin Harris & Dua Lipa,mixed
Calvin Harris Featuring Ellie Goulding,mixed
Calvin Harris Featuring Florence Welch,mixed
Calvin Harris Featuring Frank Ocean & Migos,man
Calvin Harris Featuring Ne-Yo,man
"Calvin Harris Featuring Pharrell Williams, Katy Perry & Big Sean",mixed
Calvin Harris Featuring Rihanna,mixed
Camila Cabello,woman
Camila Cabello Featuring DaBaby,mixed
Camila Cabello Featuring Young Thug,mixed
Capital Cities,man
Cardi B,woman
Cardi B & Bruno Mars,mixed
Cardi B Featuring 21 Savage,mixed
Cardi B Featuring Megan Thee Stallion,woman
"Cardi B, Bad Bunny & J Balvin",mixed
Carly Pearce & Lee Brice,mixed
Carly Rae Jepsen,woman
Carrie Underwood,woman
Cascada,mixed
"Casper Magico, Nio Garcia, Darell, Nicky Jam, Ozuna & Bad Bunny",man
Cassie,woman
Chamillionaire Featuring Krayzie Bone,man
Charli XCX,woman
Charlie Puth,man
Charlie Puth Featuring Meghan Trainor,mixed
Charlie Puth Featuring Selena Gomez,mixed
Chase Rice,man
Cheat Codes Featuring Demi Lovato,mixed
Cher Lloyd,woman
Cherish Featuring Sean Paul Of The YoungBloodZ,mixed
Childish Gambino,man
Chingy Featuring Tyrese,man
Chris Brown,man
Chris Brown & Tyga,man
Chris Brown & Young Thug,man
Chris Brown Featuring Drake,man
Chris Brown Featuring Lil Wayne,man
Chris Brown Featuring Lil Wayne & Busta Rhymes,man
Chris Brown Featuring Lil Wayne & French Montana Or Too $hort Or Tyga,man
Chris Brown Featuring T-Pain,man
Chris Brown Featuring Tyga & Kevin McCall,man
Chris Brown Featuring Usher & Rick Ross,man
Christina Aguilera,woman
Christina Perri,woman
Ciara,woman
Ciara Featuring Chamillionaire,mixed
City Girls,woman
Clean Bandit Featuring Jess Glynne,mixed
Clean Bandit Featuring Sean Paul & Anne-Marie,mixed
Cobra Starship Featuring Leighton Meester,mixed
Cobra Starship Featuring Sabi,mixed
Colbie Caillat,woman
Colby O'Donis Featuring Akon,man
Coldplay,man
Crime Mob Featuring Lil Scrappy,mixed
D.R.A.M. Featuring Lil Yachty,man
D4L,man
DJ Khaled Featuring Drake,man
"DJ Khaled Featuring Drake, Rick Ross & Lil Wayne",man
"DJ Khaled Featuring Justin Bieber, Chance The Rapper & Quavo",man
"DJ Khaled Featuring Justin Bieber, Quavo, Chance The Rapper & Lil Wayne",man
DJ Khaled Featuring Rihanna & Bryson Tiller,mixed
"DJ Khaled Featuring T-Pain, Ludacris, Snoop Dogg & Rick Ross",man
DJ Snake & AlunaGeorge,mixed
DJ Snake & Lil Jon,man
DJ Snake Featuring Bipolar Sunshine,man
DJ Snake Featuring Justin Bieber,man
"DJ Snake Featuring Selena Gomez, Ozuna & Cardi B",mixed
DNCE,mixed
DaBaby,man
DaBaby Featuring Roddy Ricch,man
Daddy Yankee,man
Daddy Yankee & Katy Perry Featuring Snow,mixed
Daft Punk Featuring Pharrell Williams,man
Dan + Shay,man
Dan + Shay & Justin Bieber,man
Daniel Powter,man
Danity Kane,woman
Darius Rucker,man
Daughtry,man
David Archuleta,man
David Banner Featuring Chris Brown,man
David Cook,man
David Guetta Featuring Akon,man
David Guetta Featuring Flo Rida & Nicki Minaj,mixed
David Guetta Featuring Nicki Minaj,mixed
"David Guetta Featuring Nicki Minaj, Bebe Rexha & Afrojack",mixed
David Guetta Featuring Sia,mixed
David Guetta Featuring Usher,man
Daya,woman
Dean Lewis,man
"Dem Franchize Boyz Featuring Jermaine Dupri, Da Brat & Bow Wow",mixed
Dem Franchize Boyz Featuring Lil Peanut & Charlay,man
Demi Lovato,woman
Desiigner,man
Dev,woman
Diddy - Dirty Money Featuring Skylar Grey,mixed
Diddy Featuring Keyshia Cole,mixed
Dierks Bentley,man
Disclosure Featuring Sam Smith,mixed
Doja Cat,woman
Doja Cat & Tyga,mixed
Dr. Dre Featuring Eminem & Skylar Grey,mixed
Drake,man
Drake & Future,man
"Drake Featuring Kanye West, Lil Wayne & Eminem",man
Drake Featuring Lil Durk,man
Drake Featuring Lil Wayne,man
Drake Featuring Majid Jordan,man
Drake Featuring Rick Ross,man
Drake Featuring Rihanna,mixed
Drake Featuring The Throne,man
Drake Featuring WizKid & Kyla,mixed
Dua Lipa,woman
Dustin Lynch,man
E-40 Featuring T-Pain & Kandi Girl,mixed
Echosmith,mixed
Ed Sheeran,man
Ed Sheeran & Justin Bieber,man
Ed Sheeran Featuring Khalid,man
Edward Maya & Vika Jigulina,mixed
Eli Young Band,man
Ella Henderson,woman
Ella Mai,woman
Elle King,woman
Ellie Goulding,woman
Ellie Goulding X Diplo Featuring Swae Lee,mixed
Elliott Yamin,man
Emeli Sande,woman
Eminem,man
Eminem Featuring Juice WRLD,man
Eminem Featuring Nate Dogg,man
Eminem Featuring Rihanna,mixed
"Eminem, Dr. Dre & 50 Cent",man
Enrique Iglesias Featuring Descemer Bueno & Gente de Zona,man
Enrique Iglesias Featuring Ludacris & DJ Frank E,man
Enrique Iglesias Featuring Pitbull,man
Eric Church,man
Estelle Featuring Kanye West,mixed
Evanescence,mixed
Fabolous Featuring Ne-Yo,man
Fabolous Featuring The-Dream,man
Fall Out Boy,man
Far*East Movement Featuring Cataracs & Dev,mixed
Far*East Movement Featuring Ryan Tedder,man
Fat Joe Featuring Lil Wayne,man
Fergie,woman
Fergie Featuring Ludacris,mixed
Fetty Wap,man
Fetty Wap Featuring Monty,man
Fetty Wap Featuring Remy Boyz,man
Field Mob Featuring Ciara,mixed
Fifth Harmony Featuring Fetty Wap,mixed
Fifth Harmony Featuring Kid Ink,mixed
Fifth Harmony Featuring Ty Dolla $ign,mixed
Finger Eleven,man
Flipp Dinero,man
Flo Rida,man
Flo Rida Featuring David Guetta,man
Flo Rida Featuring Sage The Gemini & Lookas,man
Flo Rida Featuring Sia,mixed
Flo Rida Featuring T-Pain,man
Flo Rida Featuring Wynter,mixed
Flo Rida Featuring will.i.am,man
Florida Georgia Line,man
Florida Georgia Line Featuring Luke Bryan,man
Florida Georgia Line Featuring Nelly,man
Flume Featuring Kai,mixed
Fort Minor Featuring Holly Brook,mixed
Foster The People,man
French Montana Featuring Swae Lee,man
Future,man
Future Featuring Drake,man
Future Featuring The Weeknd,man
G-Eazy & Halsey,mixed
G-Eazy Featuring A$AP Rocky & Cardi B,mixed
G-Eazy x Bebe Rexha,mixed
Gabby Barrett Featuring Charlie Puth,mixed
Gavin DeGraw,man
Gavin Rossdale,man
George Ezra,man
Gnarls Barkley,man
Gorillaz,mixed
Gotye Featuring Kimbra,mixed
Green Day,man
Gucci Mane Featuring Drake,man
Gucci Mane Featuring Migos,man
Gucci Mane X Bruno Mars X Kodak Black,man
Gwen Stefani,woman
Gwen Stefani Featuring Akon,mixed
Gym Class Heroes Featuring Adam Levine,man
Gym Class Heroes Featuring Neon Hitch,mixed
Gym Class Heroes Featuring Patrick Stump,man
H.E.R. Featuring YG,mixed
Hailee Steinfeld & Grey Featuring Zedd,mixed
Halsey,woman
Harry Styles,man
Havana Brown Featuring Pitbull,mixed
Hellogoodbye,man
Hinder,man
Hot Chelle Rae,man
Hozier,man
Huey,man
Hunter Hayes,man
Hurricane Chris,man
I LOVE MAKONNEN Featuring Drake,man
Icona Pop Featuring Charli XCX,woman
Idina Menzel,woman
Iggy Azalea Featuring Charli XCX,woman
Iggy Azalea Featuring Rita Ora,woman
Imagine Dragons,man
Iyaz,man
J Balvin & Willy William Featuring Beyonce,mixed
J. Cole,man
J. Cole Featuring Miguel,man
J. Holiday,man
JP Saxe Featuring Julia Michaels,mixed
"Jack Harlow Featuring DaBaby, Tory Lanez & Lil Wayne",man
Jake Owen,man
James Arthur,man
James Bay,man
James Blunt,man
James Newton Howard Featuring Jennifer Lawrence,mixed
Jamie Foxx Featuring Ludacris,man
Jamie Foxx Featuring T-Pain,man
Jason Aldean,man
Jason Aldean With Kelly Clarkson,mixed
Jason Derulo,man
Jason Derulo Featuring 2 Chainz,man
Jason Derulo Featuring Nicki Minaj & Ty Dolla $ign,mixed
Jason Derulo Featuring Snoop Dogg,man
Jason Mraz,man
Jawsh 685 x Jason Derulo,man
"Jay Rock, Kendrick Lamar, Future & James Blake",man
Jay Sean Featuring Lil Wayne,man
Jay Sean Featuring Sean Paul & Lil Jon,man
Jay Z Featuring Justin Timberlake,man
Jay Z Kanye West,man
Jay-Z + Alicia Keys,mixed
Jay-Z + Mr. Hudson,man
"Jay-Z, Rihanna & Kanye West",mixed
Jennifer Lopez Featuring Pitbull,mixed
Jeremih,man
Jeremih Featuring 50 Cent,man
Jeremih Featuring YG,man
Jerrod Niemann,man
Jesse McCartney,man
Jesse McCartney Featuring Ludacris,man
Jessie J,woman
Jessie J Featuring B.o.B,mixed
"Jessie J, Ariana Grande & Nicki Minaj",woman
Jhene Aiko,woman
Jibbs,man
Jidenna Featuring Roman GianArthur,man
Jim Jones,man
Jim Jones & Ron Browz Featuring Juelz Santana,man
JoJo,woman
John Legend,man
John Legend Featuring Andre 3000,man
John Mayer,man
Jon Bellion,man
Jonas Brothers,man
Jordin Sparks,woman
Jordin Sparks Duet With Chris Brown,mixed
Juelz Santana,man
Juice WRLD,man
Juice WRLD & YoungBoy Never Broke Again,man
Juice WRLD x Marshmello,man
Julia Michaels,woman
Justin Bieber,man
Justin Bieber Featuring Big Sean,man
Justin Bieber Featuring Ludacris,man
Justin Bieber Featuring Nicki Minaj,mixed
Justin Bieber Featuring Quavo,man
Justin Timberlake,man
Justin Timberlake Featuring Chris Stapleton,man
Justin Timberlake Featuring JAY Z,man
Justin Timberlake Featuring T.I.,man
KONGOS,man
KT Tunstall,woman
KYLE Featuring Lil Yachty,man
Kane Brown,man
Kane Brown Featuring Lauren Alaina,mixed
Kane Brown With Swae Lee & Khalid,man
Kanye West,man
Kanye West Featuring Dwele,man
Kanye West Featuring Jamie Foxx,man
Kanye West Featuring T-Pain,man
"Kanye West, Big Sean, Pusha T, 2 Chainz",man
Kardinal Offishall Featuring Akon,man
Karmin,mixed
Katy Perry,woman
Katy Perry Featuring Juicy J,mixed
Katy Perry Featuring Kanye West,mixed
Katy Perry Featuring Skip Marley,mixed
Katy Perry Featuring Snoop Dogg,mixed
Ke$ha,woman
Ke$ha Featuring 3OH!3,mixed
Keith Urban Featuring Carrie Underwood,mixed
Kelis Featuring Too $hort,mixed
Kelly Clarkson,woman
Kelly Rowland Featuring Lil Wayne,mixed
Kendrick Lamar,man
Kendrick Lamar & SZA,mixed
Kendrick Lamar Featuring Rihanna,mixed
Kendrick Lamar Featuring Zacari,man
Kenny Chesney,man
Kenny Chesney Featuring Grace Potter,mixed
Kent Jones,man
Keri Hilson,woman
Keri Hilson Featuring Kanye West & Ne-Yo,mixed
Keri Hilson Featuring Lil Wayne,mixed
Kesha,woman
Kevin Gates,man
"Kevin Rudolf Featuring Birdman, Jay Sean, & Lil Wayne",man
Kevin Rudolf Featuring Lil Wayne,man
Keyshia Cole,woman
Keyshia Cole Featuring Missy Elliott & Lil Kim,woman
Khalid,man
Khalid & Normani,mixed
Kid Cudi,man
Kid Ink Featuring Chris Brown,man
Kid Rock,man
Kiiara,woman
Kings Of Leon,man
Kip Moore,man
Kirko Bangz,man
Kodak Black,man
Kodak Black Featuring Travis Scott & Offset,man
Kris Allen,man
Kristinia DeBarge,woman
Kygo x Selena Gomez,mixed
LMFAO,man
LMFAO Featuring Lauren Bennett & GoonRock,mixed
La Roux,mixed
Lady Antebellum,mixed
Lady Gaga,woman
Lady Gaga & Ariana Grande,woman
Lady Gaga & Bradley Cooper,mixed
Lady Gaga Featuring Beyonce,woman
Lady Gaga Featuring Colby O'Donis,mixed
Lady Gaga Featuring R. Kelly,mixed
Lana Del Rey & Cedric Gervais,mixed
Lauren Daigle,woman
Lauv,man
Lee Brice,man
Leona Lewis,woman
Lewis Capaldi,man
Liam Payne Featuring Quavo,man
Lifehouse,man
Lil Baby,man
Lil Baby & 42 Dugg,man
Lil Baby & DaBaby,man
Lil Baby & Drake,man
Lil Baby & Gunna,man
Lil Dicky Featuring Chris Brown,man
Lil Jon Featuring E-40 & Sean Paul Of The YoungBloodZ,man
Lil Mosey,man
Lil Nas X,man
Lil Nas X Featuring Billy Ray Cyrus,man
Lil Pump,man
Lil Tecca,man
Lil Uzi Vert,man
Lil Wayne,man
Lil Wayne Featuring Bobby Valentino & Kidd Kidd,man
Lil Wayne Featuring Cory Gunz,man
Lil Wayne Featuring Drake,man
Lil Wayne Featuring Drake & Future,man
Lil Wayne Featuring Static Major,man
Lil Wayne Featuring T-Pain,man
"Lil Wayne, Wiz Khalifa & Imagine Dragons With Logic & Ty Dolla $ign Feat. X Ambassadors",man
Linkin Park,man
Little Big Town,mixed
Lizzo,woman
Lloyd,man
Lloyd Featuring Lil Wayne,man
Logic Featuring Alessia Cara & Khalid,mixed
Lorde,woman
Ludacris,man
Ludacris Featuring Mary J. Blige,mixed
Ludacris Featuring Nicki Minaj,mixed
Ludacris Featuring Pharrell,man
Luis Fonsi & Daddy Yankee Featuring Justin Bieber,man
Lukas Graham,man
Luke Bryan,man
Luke Combs,man
Luke Combs Featuring Eric Church,man
Lupe Fiasco,man
Lupe Fiasco Featuring Matthew Santos,man
M.I.A.,woman
MAGIC!,man
MAX Featuring gnash,man
MKTO,man
Machine Gun Kelly x Camila Cabello,mixed
"Macklemore & Ryan Lewis Featuring Eric Nally, Melle Mel, Kool Moe Dee & Grandmaster Caz",man
Macklemore & Ryan Lewis Featuring Mary Lambert,mixed
Macklemore & Ryan Lewis Featuring Ray Dalton,man
Macklemore & Ryan Lewis Featuring ScHoolboy Q & Hollis,mixed
Macklemore & Ryan Lewis Featuring Wanz,man
Maddie & Tae,woman
Madonna,woman
Madonna Featuring Justin Timberlake & Timbaland,mixed
Major Lazer & DJ Snake Featuring MO,mixed
Major Lazer Featuring Justin Bieber & MO,mixed
Maren Morris,woman
Mariah Carey,woman
Mariah Carey Featuring Miguel,mixed
Marian Hill,mixed
Mario Featuring Gucci Mane & Sean Garrett,man
Mark Ronson Featuring Bruno Mars,man
Maroon 5,man
Maroon 5 Featuring Cardi B,mixed
Maroon 5 Featuring Christina Aguilera,mixed
Maroon 5 Featuring Future,man
Maroon 5 Featuring Kendrick Lamar,man
Maroon 5 Featuring SZA,mixed
Maroon 5 Featuring Wiz Khalifa,man
Marshmello & Anne-Marie,mixed
Marshmello & Bastille,man
Marshmello & Kane Brown,man
Martin Garrix,man
Mary J. Blige,woman
Maxwell,man
Meek Mill Featuring Chris Brown & Nicki Minaj,mixed
Meek Mill Featuring Drake,man
Megan Thee Stallion,woman
Megan Thee Stallion Featuring DaBaby,mixed
"Megan Thee Stallion, Nicki Minaj & Ty Dolla $ign",mixed
Meghan Trainor,woman
Meghan Trainor Featuring John Legend,mixed
Metro Station,man
Michael Buble,man
Michael Franti & Spearhead Featuring Cherine Anderson,mixed
Michael Jackson & Justin Timberlake,man
Migos,man
Migos Featuring Drake,man
Migos Featuring Gucci Mane,man
Migos Featuring Lil Uzi Vert,man
"Migos, Nicki Minaj & Cardi B",mixed
Miguel,man
Miguel Featuring Travis Scott,man
Mike Posner,man
"Mike WiLL Made-It Featuring Miley Cyrus, Wiz Khalifa & Juicy J",mixed
Miley Cyrus,nb
Mims,man
Miranda Lambert,woman
Miranda Lambert Duet With Carrie Underwood,woman
Moneybagg Yo,man
Morgan Wallen,man
Mr. Probz,man
Mumford & Sons,man
Mustard & Migos,man
Mustard & Roddy Ricch,man
My Chemical Romance,man
N*E*R*D & Rihanna,mixed
NF,man
NLE Choppa,man
NLE Choppa Featuring Roddy Ricch,man
Natalie La Rose Featuring Jeremih,mixed
Natasha Bedingfield,woman
Natasha Bedingfield Featuring Sean Kingston,mixed
Naughty Boy Featuring Sam Smith,mixed
Ne-Yo,man
Ne-Yo Featuring Juicy J,man
Nelly,man
"Nelly Featuring Paul Wall, Ali & Gipp",man
Nelly Furtado,woman
Nelly Furtado Featuring Timbaland,mixed
Neon Trees,mixed
New Boyz Featuring Ray J,man
New Boyz Featuring The Cataracs & Dev,mixed
Niall Horan,man
Nick Jonas,man
Nick Jonas Featuring Tove Lo,mixed
Nick Lachey,man
Nickelback,man
Nicki Minaj,woman
Nicki Minaj Featuring Drake,mixed
Nicki Minaj Featuring Drake & Lil Wayne,mixed
"Nicki Minaj Featuring Drake, Lil Wayne & Chris Brown",mixed
Nicky Jam & Enrique Iglesias,man
Nicky Jam x J Balvin,man
Nico & Vinz,man
O.T. Genasis,man
O.T. Genasis Featuring Young Dolph,man
OMI,man
Of Monsters And Men,mixed
Offset & Metro Boomin,man
Offset Featuring Cardi B,mixed
Old Dominion,man
Olly Murs Featuring Flo Rida,man
Omarion,man
Omarion Featuring Chris Brown & Jhene Aiko,mixed
One Direction,man
OneRepublic,man
Orianthi,woman
Owl City,man
Owl City & Carly Rae Jepsen,mixed
P!nk,woman
P!nk Featuring Nate Ruess,mixed
PSY,man
Panic! At The Disco,man
Paramore,mixed
Passenger,man
Paula DeAnda Featuring The DEY,mixed
Pharrell Williams,man
Phillip Phillips,man
Pinkfong,mixed
Pitbull,man
Pitbull & Ne-Yo,man
Pitbull Featuring Chris Brown,man
Pitbull Featuring Christina Aguilera,mixed
Pitbull Featuring Ke$ha,mixed
"Pitbull Featuring Ne-Yo, Afrojack & Nayer",mixed
Pitbull Featuring T-Pain,man
Plain White T's,man
Playboi Carti,man
Plies Featuring Akon,man
Plies Featuring Ne-Yo,man
Plies Featuring T-Pain,man
Polo G Featuring Lil Tjay,man
Pop Smoke,man
Pop Smoke Featuring 50 Cent & Roddy Ricch,man
Pop Smoke Featuring Lil Baby & DaBaby,man
Pop Smoke Featuring Lil Tjay,man
Portugal. The Man,man
Post Malone,man
Post Malone & Swae Lee,man
Post Malone Featuring 21 Savage,man
Post Malone Featuring Quavo,man
Post Malone Featuring Ty Dolla $ign,man
Post Malone Featuring Young Thug,man
Powfu Featuring beabadoobee,mixed
Pretty Ricky,man
R. City Featuring Adam Levine,man
R. Kelly Duet With Usher,man
R. Kelly Or Bow Wow (Featuring T.I. & T-Pain),man
Rachel Platten,woman
Rae Sremmurd,man
Rae Sremmurd & Juicy J,man
Rae Sremmurd Featuring Gucci Mane,man
Randy Houser,man
Rascal Flatts,man
Ray J,man
Ray J & Yung Berg,man
Red Hot Chili Peppers,man
Rich Boy Featuring Polow Da Don,man
Rich Gang Featuring Young Thug & Rich Homie Quan,man
Rich Homie Quan,man
Rich The Kid,man
Rick Ross Featuring T-Pain,man
Rihanna,woman
Rihanna & Kanye West & Paul McCartney,mixed
Rihanna & Sean Paul,mixed
Rihanna Featuring Calvin Harris,mixed
Rihanna Featuring Chris Brown,mixed
Rihanna Featuring Drake,mixed
Rihanna Featuring Jay-Z,mixed
Rihanna Featuring Jeezy,mixed
Rihanna Featuring Mikky Ekko,mixed
Rihanna Featuring Ne-Yo,mixed
Rixton,man
Rob Thomas,man
Robin Thicke,man
Robin Thicke Featuring T.I. + Pharrell,man
Rocko Featuring Future & Rick Ross,man
Rod Wave,man
Rod Wave Featuring ATR Son Son,man
Roddy Ricch,man
Roddy Ricch Featuring Mustard,man
Rodney Atkins,man
Ruth B,woman
SAINt JHN,man
SHAED,mixed
SZA Featuring Travis Scott,mixed
Sam Hunt,man
Sam Smith,nb
Sam Smith & Normani,mixed
Santana Featuring Chad Kroeger,man
Sara Bareilles,woman
Saving Abel,man
Saweetie,woman
ScHoolboy Q Featuring BJ The Chicago Kid,man
Sean Kingston,man
Sean Kingston & Justin Bieber,man
Sean Paul,man
Sean Paul Featuring Keyshia Cole,mixed
Secondhand Serenade,man
Selena Gomez,woman
Selena Gomez & The Scene,mixed
Selena Gomez Featuring A$AP Rocky,mixed
Selena Gomez X Marshmello,mixed
Shakira,woman
Shakira Featuring Rihanna,woman
Shakira Featuring Wyclef Jean,mixed
Shawn Mendes,man
Shawn Mendes & Camila Cabello,mixed
Sheck Wes,man
Shinedown,man
Shontelle,woman
Shop Boyz,man
Sia,woman
Sia Featuring Sean Paul,man
Silento,man
Skrillex & Diplo With Justin Bieber,man
Snoop Dogg,man
Snoop Dogg & Wiz Khalifa Featuring Bruno Mars,man
Snoop Dogg Featuring R. Kelly,man
Snow Patrol,man
Soulja Boy Tell 'em Featuring Sammie,man
Soulja Boy Tell'em,man
StaySolidRocky,man
Sugarland,mixed
Surfaces,man
Swedish House Mafia Featuring John Martin,man
T-Pain,man
T-Pain Featuring Akon,man
T-Pain Featuring Lil Wayne,man
T-Pain Featuring Mike Jones,man
T-Pain Featuring Wiz Khalifa & Lily Allen,mixed
T-Pain Featuring Yung Joc,man
T-Wayne,man
T.I.,man
T.I. Featuring Iggy Azalea,mixed
T.I. Featuring Justin Timberlake,man
T.I. Featuring Rihanna,mixed
"THE SCOTTS, Travis Scott & Kid Cudi",man
Taio Cruz,man
Taio Cruz Featuring Ludacris,man
Taylor Hicks,man
Taylor Swift,woman
Taylor Swift Featuring Brendon Urie,mixed
Taylor Swift Featuring Kendrick Lamar,mixed
Teddy Geiger,nb
The All-American Rejects,man
The Band Perry,mixed
The Black Eyed Peas,mixed
The Chainsmokers,man
The Chainsmokers & Coldplay,man
The Chainsmokers Featuring Daya,mixed
The Chainsmokers Featuring Halsey,mixed
The Chainsmokers Featuring Rozes,mixed
The Fray,man
The Game Featuring Lil Wayne,man
The Lumineers,mixed
The Neighbourhood,man
The Pussycat Dolls,woman
The Pussycat Dolls Featuring Snoop Dogg,mixed
The Pussycat Dolls Featuring will.i.am,mixed
The Red Jumpsuit Apparatus,man
The Script,man
The Script Featuring will.i.am,man
The Veronicas,woman
The Wanted,man
The Weeknd,man
The Weeknd & Kendrick Lamar,man
The Weeknd Featuring Daft Punk,man
The-Dream,man
Thomas Rhett,man
Thompson Square,mixed
"Three 6 Mafia Featuring Project Pat, Young D & Superpower",man
Three 6 Mafia Featuring Young Buck & Eightball & MJG,man
Tim McGraw,man
Tim McGraw With Taylor Swift,mixed
Timbaland Featuring Drake,man
Timbaland Featuring Justin Timberlake,man
Timbaland Featuring Keri Hilson,mixed
Timbaland Featuring Nelly Furtado & Justin Timberlake,mixed
Timbaland Featuring OneRepublic,man
Tinashe Featuring ScHoolboy Q,mixed
Tinie Tempah Featuring Eric Turner,man
Toby Keith,man
Tones And I,woman
Tory Lanez,man
Tove Lo,woman
Trace Adkins,man
Train,man
Travie McCoy Featuring Bruno Mars,man
Travis Scott,man
Trevor Daniel,man
Trey Songz,man
Trey Songz Featuring Fabolous,man
Trey Songz Featuring Nicki Minaj,woman
Tyga,man
Tyga Featuring Offset,man
Uncle Kracker,man
Unk,man
Usher,man
Usher Featuring Juicy J,man
Usher Featuring Pitbull,man
Usher Featuring Plies,man
Usher Featuring Young Jeezy,man
Usher Featuring Young Thug,man
Usher Featuring will.i.am,man
Vance Joy,man
WALK THE MOON,man
Waka Flocka Flame Featuring Roscoe Dash & Wale,man
Wale Featuring Tiara Thomas Or Rihanna,mixed
Webbie Featuring Lil' Phat & Lil' Boosie,man
Wiz Khalifa,man
Wiz Khalifa Featuring Charlie Puth,man
"Wyclef Jean Featuring Akon, Lil Wayne & Niia",mixed
X Ambassadors,man
XXXTENTACION,man
YFN Lucci Featuring PnB Rock,man
"YG Featuring 2 Chainz, Big Sean & Nicki Minaj",mixed
YG Featuring Jeezy & Rich Homie Quan,man
YK Osiris,man
YNW Melly,man
YNW Melly & Juice WRLD,man
Ylvis,man
Yo Gotti Featuring Nicki Minaj,mixed
Young Dro Featuring T.I.,man
Young Jeezy Featuring Akon,man
Young Jeezy Featuring Kanye West,man
Young Jeezy Featuring R. Kelly,man
Young Money,man
Young Money Featuring Lloyd,man
Young Thug Featuring Gunna,man
"Young Thug, J. Cole & Travis Scott",man
YoungBoy Never Broke Again,man
Yung Joc,man
Yung Joc Featuring Brandy 'Ms. B.' Hambrick,mixed
Zac Brown Band,man
Zac Brown Band Featuring Jimmy Buffett,man
Zara Larsson & MNEK,mixed
Zay Hilfigerrr & Zayion McCall,man
Zayn,man
Zayn / Taylor Swift,mixed
Zedd & Alessia Cara,mixed
Zedd Featuring Foxes,mixed
Zedd Featuring Hayley Williams,mixed
"Zedd, Maren Morris & Grey",mixed
"benny blanco, Halsey & Khalid",mixed
blackbear,man
fun.,man
fun. Featuring Janelle Monae,mixed
gnash Featuring Olivia O'Brien,mixed
iLoveMemphis,man
surf mesa Featuring Emilee,mixed
twenty one pilots,man
will.i.am & Britney Spears,woman
will.i.am Featuring Justin Bieber,man
